: ],Wed Mar 14 12:31:14 UTC 2012,1.0,mood
: ),Tue Mar 13 22:00:03 UTC 2012,1.0,mood
: ),Tue Mar 13 21:34:29 UTC 2012,1.0,mood
: ),Tue Mar 13 18:40:08 UTC 2012,1.0,mood
: ),Tue Mar 13 03:54:30 UTC 2012,1.0,mood
: ),Tue Mar 13 02:01:32 UTC 2012,1.0,mood
: ),Tue Mar 13 01:01:34 UTC 2012,1.0,mood
: ),Tue Mar 13 00:01:33 UTC 2012,1.0,mood
: ),Mon Mar 12 23:00:13 UTC 2012,1.0,mood
: ),Mon Mar 12 22:00:14 UTC 2012,1.0,mood
: ),Mon Mar 12 21:27:58 UTC 2012,1.0,mood
: ],Mon Mar 12 20:27:26 UTC 2012,1.0,mood
: ],Mon Mar 12 19:27:28 UTC 2012,1.0,mood
: ),Mon Mar 12 18:03:01 UTC 2012,1.0,mood
: ),Mon Mar 12 03:03:58 UTC 2012,1.0,mood
: ),Mon Mar 12 02:04:00 UTC 2012,1.0,mood
: ),Mon Mar 12 01:04:08 UTC 2012,1.0,mood
: ),Mon Mar 12 00:23:05 UTC 2012,1.0,mood
: ),Mon Mar 12 00:23:05 UTC 2012,1.0,mood
: ),Sun Mar 11 23:31:05 UTC 2012,1.0,mood
: ),Sun Mar 11 22:39:55 UTC 2012,1.0,mood
: ),Sun Mar 11 21:05:18 UTC 2012,1.0,mood
: ),Sun Mar 11 20:04:44 UTC 2012,1.0,mood
: ),Sun Mar 11 19:04:41 UTC 2012,1.0,mood
: ),Sun Mar 11 18:05:06 UTC 2012,1.0,mood
: ),Sun Mar 11 17:31:47 UTC 2012,1.0,mood
: ),Sun Mar 11 09:09:01 UTC 2012,1.0,mood
: ),Sun Mar 11 08:00:45 UTC 2012,1.0,mood
: ),Sun Mar 11 05:04:51 UTC 2012,1.0,mood
: ),Sun Mar 11 03:11:36 UTC 2012,1.0,mood
: ),Sun Mar 11 02:11:41 UTC 2012,1.0,mood
: ),Sun Mar 11 01:04:52 UTC 2012,1.0,mood
: ),Sun Mar 11 00:26:18 UTC 2012,1.0,mood
: ),Sat Mar 10 23:26:20 UTC 2012,1.0,mood
: ),Sat Mar 10 22:40:49 UTC 2012,1.0,mood
: ),Sat Mar 10 21:05:56 UTC 2012,1.0,mood
: ),Sat Mar 10 15:17:34 UTC 2012,1.0,mood
: ),Sat Mar 10 10:01:38 UTC 2012,1.0,mood
: ),Sat Mar 10 09:00:18 UTC 2012,1.0,mood
: ),Sat Mar 10 08:14:56 UTC 2012,1.0,mood
: ),Sat Mar 10 07:14:57 UTC 2012,1.0,mood
: ),Sat Mar 10 06:15:05 UTC 2012,1.0,mood
: ),Sat Mar 10 05:00:25 UTC 2012,1.0,mood
: ),Sat Mar 10 04:16:16 UTC 2012,1.0,mood
: ),Sat Mar 10 03:02:49 UTC 2012,1.0,mood
: ),Sat Mar 10 02:01:05 UTC 2012,1.0,mood
: ),Sat Mar 10 01:57:52 UTC 2012,1.0,mood
: ),Sat Mar 10 00:57:55 UTC 2012,1.0,mood
: ),Fri Mar 09 23:00:42 UTC 2012,1.0,mood
: ),Fri Mar 09 22:35:59 UTC 2012,1.0,mood
: ),Fri Mar 09 21:36:00 UTC 2012,1.0,mood
: ),Fri Mar 09 20:12:55 UTC 2012,1.0,mood
: ),Fri Mar 09 19:00:08 UTC 2012,1.0,mood
: ),Fri Mar 09 18:19:02 UTC 2012,1.0,mood
: ),Thu Mar 08 13:54:34 UTC 2012,1.0,mood
: ),Thu Mar 08 03:23:21 UTC 2012,1.0,mood
: ),Thu Mar 08 02:14:14 UTC 2012,1.0,mood
: ),Thu Mar 08 01:14:17 UTC 2012,1.0,mood
: ),Thu Mar 08 00:14:25 UTC 2012,1.0,mood
: ),Wed Mar 07 23:22:37 UTC 2012,1.0,mood
: ),Wed Mar 07 22:22:30 UTC 2012,1.0,mood
: ),Wed Mar 07 19:00:47 UTC 2012,1.0,mood
: ),Wed Mar 07 18:37:26 UTC 2012,1.0,mood
: ),Wed Mar 07 17:37:31 UTC 2012,1.0,mood
: ],Wed Mar 07 16:37:38 UTC 2012,1.0,mood
: ],Wed Mar 07 15:37:43 UTC 2012,1.0,mood
: ],Wed Mar 07 14:37:37 UTC 2012,1.0,mood
: ],Wed Mar 07 13:57:29 UTC 2012,1.0,mood
: ],Wed Mar 07 00:02:31 UTC 2012,1.0,mood
: ],Tue Mar 06 23:14:30 UTC 2012,1.0,mood
: ],Tue Mar 06 22:04:48 UTC 2012,1.0,mood
: ],Tue Mar 06 21:02:58 UTC 2012,1.0,mood
: ],Tue Mar 06 20:45:27 UTC 2012,1.0,mood
: ],Tue Mar 06 19:45:23 UTC 2012,1.0,mood
: ],Tue Mar 06 18:45:28 UTC 2012,1.0,mood
: ],Tue Mar 06 17:09:56 UTC 2012,1.0,mood
: ],Tue Mar 06 16:09:59 UTC 2012,1.0,mood
: ],Tue Mar 06 15:43:03 UTC 2012,1.0,mood
: ],Tue Mar 06 14:00:47 UTC 2012,1.0,mood
: ),Tue Mar 06 08:06:47 UTC 2012,1.0,mood
: ),Tue Mar 06 07:06:39 UTC 2012,1.0,mood
: ),Tue Mar 06 06:06:48 UTC 2012,1.0,mood
: ),Tue Mar 06 04:00:10 UTC 2012,1.0,mood
: ],Tue Mar 06 03:01:26 UTC 2012,1.0,mood
: ],Tue Mar 06 02:10:11 UTC 2012,1.0,mood
: ],Tue Mar 06 01:10:14 UTC 2012,1.0,mood
: ],Tue Mar 06 00:00:13 UTC 2012,1.0,mood
: ),Mon Mar 05 23:10:13 UTC 2012,1.0,mood
: ),Mon Mar 05 22:02:36 UTC 2012,1.0,mood
: ),Mon Mar 05 21:02:37 UTC 2012,1.0,mood
: ],Mon Mar 05 20:30:46 UTC 2012,1.0,mood
: ],Mon Mar 05 19:30:49 UTC 2012,1.0,mood
: ),Mon Mar 05 18:02:23 UTC 2012,1.0,mood
: ],Mon Mar 05 17:11:17 UTC 2012,1.0,mood
: |,Mon Mar 05 16:09:27 UTC 2012,1.0,mood
: (,Mon Mar 05 15:23:24 UTC 2012,1.0,mood
: ),Mon Mar 05 14:19:13 UTC 2012,1.0,mood
: ],Mon Mar 05 05:06:10 UTC 2012,1.0,mood
: ),Sat Mar 03 14:07:49 UTC 2012,1.0,mood
: ),Sat Mar 03 13:58:14 UTC 2012,1.0,mood
: ),Fri Mar 02 23:03:09 UTC 2012,1.0,mood
: ),Fri Mar 02 22:03:14 UTC 2012,1.0,mood
: ),Fri Mar 02 21:03:13 UTC 2012,1.0,mood
: ),Fri Mar 02 20:03:12 UTC 2012,1.0,mood
: ),Fri Mar 02 19:04:25 UTC 2012,1.0,mood
: ),Fri Mar 02 18:46:10 UTC 2012,1.0,mood
: ],Fri Mar 02 17:11:07 UTC 2012,1.0,mood
: ],Fri Mar 02 16:11:08 UTC 2012,1.0,mood
: ],Fri Mar 02 15:41:46 UTC 2012,1.0,mood
: ),Fri Mar 02 14:41:49 UTC 2012,1.0,mood
: ],Fri Mar 02 13:18:44 UTC 2012,1.0,mood
: ),Fri Mar 02 04:00:19 UTC 2012,1.0,mood
: ),Fri Mar 02 03:00:11 UTC 2012,1.0,mood
: ),Fri Mar 02 02:03:00 UTC 2012,1.0,mood
: ],Thu Mar 01 22:03:17 UTC 2012,1.0,mood
: ],Thu Mar 01 22:03:17 UTC 2012,1.0,mood
: ],Thu Mar 01 21:17:41 UTC 2012,1.0,mood
: ],Thu Mar 01 20:17:43 UTC 2012,1.0,mood
: ),Thu Mar 01 19:00:51 UTC 2012,1.0,mood
: ],Thu Mar 01 18:00:10 UTC 2012,1.0,mood
: ],Thu Mar 01 18:00:10 UTC 2012,1.0,mood
: ],Thu Mar 01 17:15:09 UTC 2012,1.0,mood
: ],Thu Mar 01 16:27:51 UTC 2012,1.0,mood
: ],Thu Mar 01 15:26:19 UTC 2012,1.0,mood
: ],Thu Mar 01 14:13:24 UTC 2012,1.0,mood
: ),Thu Mar 01 02:12:28 UTC 2012,1.0,mood
: ),Wed Feb 29 20:24:45 UTC 2012,1.0,mood
: ),Wed Feb 29 19:00:18 UTC 2012,1.0,mood
: ),Wed Feb 29 18:00:54 UTC 2012,1.0,mood
: ),Wed Feb 29 17:19:28 UTC 2012,1.0,mood
: ),Wed Feb 29 16:19:29 UTC 2012,1.0,mood
: ),Wed Feb 29 15:12:02 UTC 2012,1.0,mood
: ),Wed Feb 29 14:12:05 UTC 2012,1.0,mood
: ],Wed Feb 29 13:00:11 UTC 2012,1.0,mood
: ),Wed Feb 29 12:00:40 UTC 2012,1.0,mood
: ],Wed Feb 29 11:00:54 UTC 2012,1.0,mood
: ),Wed Feb 29 05:26:16 UTC 2012,1.0,mood
: ),Wed Feb 29 04:09:05 UTC 2012,1.0,mood
: ),Wed Feb 29 03:00:34 UTC 2012,1.0,mood
: ),Wed Feb 29 02:00:37 UTC 2012,1.0,mood
: ),Wed Feb 29 01:00:12 UTC 2012,1.0,mood
: ),Wed Feb 29 00:00:17 UTC 2012,1.0,mood
: ),Tue Feb 28 23:04:09 UTC 2012,1.0,mood
: ),Tue Feb 28 22:01:37 UTC 2012,1.0,mood
: ],Tue Feb 28 21:01:36 UTC 2012,1.0,mood
: ],Tue Feb 28 20:00:27 UTC 2012,1.0,mood
: ],Tue Feb 28 19:00:45 UTC 2012,1.0,mood
: ],Tue Feb 28 18:00:46 UTC 2012,1.0,mood
: ],Tue Feb 28 17:00:47 UTC 2012,1.0,mood
: ],Tue Feb 28 16:00:48 UTC 2012,1.0,mood
: ],Tue Feb 28 15:32:10 UTC 2012,1.0,mood
: ],Tue Feb 28 14:00:50 UTC 2012,1.0,mood
: ],Tue Feb 28 13:00:59 UTC 2012,1.0,mood
: ],Tue Feb 28 03:15:30 UTC 2012,1.0,mood
: ],Tue Feb 28 02:08:55 UTC 2012,1.0,mood
: ],Tue Feb 28 01:00:16 UTC 2012,1.0,mood
: ],Tue Feb 28 00:36:35 UTC 2012,1.0,mood
: ],Mon Feb 27 23:36:39 UTC 2012,1.0,mood
: ],Mon Feb 27 22:20:13 UTC 2012,1.0,mood
: ],Mon Feb 27 21:49:34 UTC 2012,1.0,mood
: ],Mon Feb 27 20:13:49 UTC 2012,1.0,mood
: ],Mon Feb 27 19:13:50 UTC 2012,1.0,mood
: ],Mon Feb 27 18:13:50 UTC 2012,1.0,mood
: ],Mon Feb 27 17:22:20 UTC 2012,1.0,mood
: ],Mon Feb 27 16:22:21 UTC 2012,1.0,mood
: ],Mon Feb 27 15:24:04 UTC 2012,1.0,mood
: ],Mon Feb 27 14:29:56 UTC 2012,1.0,mood
: ],Mon Feb 27 04:09:44 UTC 2012,1.0,mood
: ],Mon Feb 27 03:14:30 UTC 2012,1.0,mood
: ),Mon Feb 27 02:27:21 UTC 2012,1.0,mood
: ),Mon Feb 27 01:27:23 UTC 2012,1.0,mood
: ),Mon Feb 27 00:27:34 UTC 2012,1.0,mood
: ),Sun Feb 26 23:19:57 UTC 2012,1.0,mood
: ),Sun Feb 26 22:32:33 UTC 2012,1.0,mood
: ),Sun Feb 26 14:28:37 UTC 2012,1.0,mood
: ),Sun Feb 26 14:00:21 UTC 2012,1.0,mood
: ),Sun Feb 26 13:10:44 UTC 2012,1.0,mood
: D,Sun Feb 26 12:56:12 UTC 2012,1.0,mood
: D,Sun Feb 26 11:56:15 UTC 2012,1.0,mood
: D,Sun Feb 26 10:56:30 UTC 2012,1.0,mood
: D,Sun Feb 26 09:56:35 UTC 2012,1.0,mood
: D,Sun Feb 26 08:57:47 UTC 2012,1.0,mood
: D,Sun Feb 26 07:58:02 UTC 2012,1.0,mood
: ),Sun Feb 26 06:58:17 UTC 2012,1.0,mood
: ),Sun Feb 26 05:09:36 UTC 2012,1.0,mood
: ),Sun Feb 26 01:25:05 UTC 2012,1.0,mood
: ),Sun Feb 26 00:03:51 UTC 2012,1.0,mood
: ),Sat Feb 25 23:14:10 UTC 2012,1.0,mood
: ),Sat Feb 25 22:11:16 UTC 2012,1.0,mood
: ),Sat Feb 25 21:05:51 UTC 2012,1.0,mood
: ),Sat Feb 25 20:05:53 UTC 2012,1.0,mood
: ),Sat Feb 25 19:37:22 UTC 2012,1.0,mood
: ),Sat Feb 25 18:00:20 UTC 2012,1.0,mood
: ),Sat Feb 25 17:00:47 UTC 2012,1.0,mood
: ),Sat Feb 25 08:51:47 UTC 2012,1.0,mood
: ),Sat Feb 25 07:00:23 UTC 2012,1.0,mood
: ),Sat Feb 25 06:12:27 UTC 2012,1.0,mood
: ),Sat Feb 25 05:12:37 UTC 2012,1.0,mood
: ),Sat Feb 25 04:00:18 UTC 2012,1.0,mood
: ),Sat Feb 25 00:09:09 UTC 2012,1.0,mood
: ),Sat Feb 25 00:09:09 UTC 2012,1.0,mood
: ),Sat Feb 25 00:09:09 UTC 2012,1.0,mood
: ),Fri Feb 24 23:00:03 UTC 2012,1.0,mood
: ),Fri Feb 24 22:00:07 UTC 2012,1.0,mood
: ),Fri Feb 24 21:23:23 UTC 2012,1.0,mood
: ),Fri Feb 24 20:23:24 UTC 2012,1.0,mood
: ),Fri Feb 24 19:37:37 UTC 2012,1.0,mood
: ),Fri Feb 24 18:31:30 UTC 2012,1.0,mood
: ),Fri Feb 24 17:00:04 UTC 2012,1.0,mood
: ),Fri Feb 24 16:02:32 UTC 2012,1.0,mood
: ),Fri Feb 24 15:00:15 UTC 2012,1.0,mood
: ),Fri Feb 24 14:00:16 UTC 2012,1.0,mood
: ),Fri Feb 24 13:45:30 UTC 2012,1.0,mood
: ),Fri Feb 24 05:00:21 UTC 2012,1.0,mood
: ),Fri Feb 24 04:46:32 UTC 2012,1.0,mood
: ),Fri Feb 24 03:19:29 UTC 2012,1.0,mood
: ),Fri Feb 24 02:45:57 UTC 2012,1.0,mood
: ),Fri Feb 24 01:03:12 UTC 2012,1.0,mood
: ),Fri Feb 24 00:49:09 UTC 2012,1.0,mood
: ),Thu Feb 23 23:49:14 UTC 2012,1.0,mood
: ],Thu Feb 23 22:18:05 UTC 2012,1.0,mood
: ],Thu Feb 23 21:41:13 UTC 2012,1.0,mood
: ],Thu Feb 23 20:07:52 UTC 2012,1.0,mood
: ],Thu Feb 23 19:07:54 UTC 2012,1.0,mood
: ],Thu Feb 23 18:07:53 UTC 2012,1.0,mood
: ],Thu Feb 23 17:00:18 UTC 2012,1.0,mood
: ],Thu Feb 23 16:00:20 UTC 2012,1.0,mood
: ],Thu Feb 23 15:14:35 UTC 2012,1.0,mood
: ],Thu Feb 23 14:14:38 UTC 2012,1.0,mood
: ],Thu Feb 23 13:46:58 UTC 2012,1.0,mood
: ],Thu Feb 23 06:38:16 UTC 2012,1.0,mood
: |,Thu Feb 23 04:11:32 UTC 2012,1.0,mood
: |,Thu Feb 23 03:14:56 UTC 2012,1.0,mood
: ),Thu Feb 23 02:14:59 UTC 2012,1.0,mood
: ),Thu Feb 23 01:15:18 UTC 2012,1.0,mood
: |,Thu Feb 23 00:51:17 UTC 2012,1.0,mood
: ),Wed Feb 22 23:51:23 UTC 2012,1.0,mood
: ),Wed Feb 22 22:51:46 UTC 2012,1.0,mood
: ),Wed Feb 22 21:24:18 UTC 2012,1.0,mood
: ),Wed Feb 22 20:00:09 UTC 2012,1.0,mood
: ),Wed Feb 22 19:31:42 UTC 2012,1.0,mood
: ),Wed Feb 22 18:23:19 UTC 2012,1.0,mood
: ),Wed Feb 22 17:35:13 UTC 2012,1.0,mood
: ),Wed Feb 22 16:38:50 UTC 2012,1.0,mood
: ),Wed Feb 22 15:36:02 UTC 2012,1.0,mood
: ),Wed Feb 22 14:36:32 UTC 2012,1.0,mood
: |,Wed Feb 22 13:29:57 UTC 2012,1.0,mood
: ),Wed Feb 22 12:23:03 UTC 2012,1.0,mood
: ),Wed Feb 22 06:00:41 UTC 2012,1.0,mood
: ],Wed Feb 22 05:39:22 UTC 2012,1.0,mood
: ],Wed Feb 22 05:38:18 UTC 2012,1.0,mood
: ),Wed Feb 22 05:17:44 UTC 2012,1.0,mood
: ),Wed Feb 22 04:17:49 UTC 2012,1.0,mood
: ),Wed Feb 22 03:34:52 UTC 2012,1.0,mood
: ),Wed Feb 22 02:34:54 UTC 2012,1.0,mood
: ),Wed Feb 22 01:01:18 UTC 2012,1.0,mood
: ),Wed Feb 22 00:01:21 UTC 2012,1.0,mood
: ),Tue Feb 21 23:44:31 UTC 2012,1.0,mood
: ),Tue Feb 21 22:35:46 UTC 2012,1.0,mood
: ),Tue Feb 21 21:54:32 UTC 2012,1.0,mood
: ],Tue Feb 21 20:00:13 UTC 2012,1.0,mood
: ],Tue Feb 21 19:00:48 UTC 2012,1.0,mood
: ),Tue Feb 21 18:05:49 UTC 2012,1.0,mood
: ),Tue Feb 21 17:09:44 UTC 2012,1.0,mood
: ),Tue Feb 21 16:39:40 UTC 2012,1.0,mood
: ),Tue Feb 21 15:10:45 UTC 2012,1.0,mood
: ],Tue Feb 21 14:00:27 UTC 2012,1.0,mood
: ],Tue Feb 21 13:45:22 UTC 2012,1.0,mood
: ),Tue Feb 21 05:13:25 UTC 2012,1.0,mood
: ),Tue Feb 21 04:38:59 UTC 2012,1.0,mood
: ),Tue Feb 21 03:39:01 UTC 2012,1.0,mood
: ),Tue Feb 21 02:39:06 UTC 2012,1.0,mood
: ),Tue Feb 21 01:00:36 UTC 2012,1.0,mood
: ),Tue Feb 21 00:01:58 UTC 2012,1.0,mood
: ],Mon Feb 20 23:00:48 UTC 2012,1.0,mood
: ],Mon Feb 20 22:19:10 UTC 2012,1.0,mood
: ),Mon Feb 20 21:52:09 UTC 2012,1.0,mood
: ),Mon Feb 20 20:01:06 UTC 2012,1.0,mood
: ],Mon Feb 20 19:19:36 UTC 2012,1.0,mood
: ),Mon Feb 20 18:19:42 UTC 2012,1.0,mood
: ),Mon Feb 20 17:23:41 UTC 2012,1.0,mood
: ),Mon Feb 20 16:58:20 UTC 2012,1.0,mood
: ),Mon Feb 20 06:00:25 UTC 2012,1.0,mood
: ),Mon Feb 20 05:20:57 UTC 2012,1.0,mood
: ),Mon Feb 20 04:20:59 UTC 2012,1.0,mood
: ),Mon Feb 20 03:22:53 UTC 2012,1.0,mood
: ),Mon Feb 20 02:03:26 UTC 2012,1.0,mood
: ),Mon Feb 20 01:03:28 UTC 2012,1.0,mood
: ),Mon Feb 20 00:08:35 UTC 2012,1.0,mood
: ),Sun Feb 19 23:08:37 UTC 2012,1.0,mood
: ),Sun Feb 19 22:16:15 UTC 2012,1.0,mood
: ),Sun Feb 19 21:54:04 UTC 2012,1.0,mood
: ),Sun Feb 19 20:21:52 UTC 2012,1.0,mood
: ),Sun Feb 19 19:21:53 UTC 2012,1.0,mood
: ),Sun Feb 19 18:08:03 UTC 2012,1.0,mood
: ),Sun Feb 19 17:45:18 UTC 2012,1.0,mood
: ),Sun Feb 19 16:31:57 UTC 2012,1.0,mood
: ),Sun Feb 19 05:27:27 UTC 2012,1.0,mood
: ),Sun Feb 19 04:27:29 UTC 2012,1.0,mood
: ),Sun Feb 19 03:07:34 UTC 2012,1.0,mood
: ),Sun Feb 19 02:05:00 UTC 2012,1.0,mood
: ),Sun Feb 19 01:58:26 UTC 2012,1.0,mood
: ),Sun Feb 19 00:17:33 UTC 2012,1.0,mood
: ),Sat Feb 18 23:04:29 UTC 2012,1.0,mood
: ),Sat Feb 18 16:38:00 UTC 2012,1.0,mood
: ),Sat Feb 18 05:20:26 UTC 2012,1.0,mood
: ),Sat Feb 18 04:21:03 UTC 2012,1.0,mood
: ),Sat Feb 18 03:21:06 UTC 2012,1.0,mood
: ),Sat Feb 18 02:20:07 UTC 2012,1.0,mood
: ],Sat Feb 18 01:58:40 UTC 2012,1.0,mood
: ],Sat Feb 18 00:58:52 UTC 2012,1.0,mood
: ],Fri Feb 17 23:00:10 UTC 2012,1.0,mood
: ],Fri Feb 17 22:25:55 UTC 2012,1.0,mood
: ],Fri Feb 17 21:26:05 UTC 2012,1.0,mood
: ],Fri Feb 17 20:26:03 UTC 2012,1.0,mood
: ),Fri Feb 17 19:26:01 UTC 2012,1.0,mood
: ),Fri Feb 17 18:26:00 UTC 2012,1.0,mood
: ),Fri Feb 17 17:53:23 UTC 2012,1.0,mood
: ),Fri Feb 17 16:14:46 UTC 2012,1.0,mood
: ),Fri Feb 17 16:14:46 UTC 2012,1.0,mood
: ],Fri Feb 17 15:22:12 UTC 2012,1.0,mood
: ],Fri Feb 17 14:08:45 UTC 2012,1.0,mood
: ],Fri Feb 17 13:51:14 UTC 2012,1.0,mood
: ),Fri Feb 17 05:10:43 UTC 2012,1.0,mood
: ),Fri Feb 17 04:10:42 UTC 2012,1.0,mood
: ),Fri Feb 17 03:10:45 UTC 2012,1.0,mood
: ),Fri Feb 17 02:00:02 UTC 2012,1.0,mood
: ],Fri Feb 17 01:23:11 UTC 2012,1.0,mood
: ),Fri Feb 17 00:22:47 UTC 2012,1.0,mood
: ),Thu Feb 16 23:22:44 UTC 2012,1.0,mood
: ),Thu Feb 16 22:22:45 UTC 2012,1.0,mood
: ),Thu Feb 16 21:14:43 UTC 2012,1.0,mood
: ),Thu Feb 16 20:23:31 UTC 2012,1.0,mood
: ],Thu Feb 16 19:35:50 UTC 2012,1.0,mood
: ],Thu Feb 16 18:07:37 UTC 2012,1.0,mood
: ],Thu Feb 16 17:39:28 UTC 2012,1.0,mood
: ],Thu Feb 16 16:39:31 UTC 2012,1.0,mood
: ],Thu Feb 16 15:03:01 UTC 2012,1.0,mood
: ],Thu Feb 16 14:03:00 UTC 2012,1.0,mood
: ],Thu Feb 16 13:02:58 UTC 2012,1.0,mood
: ),Thu Feb 16 06:02:54 UTC 2012,1.0,mood
: ),Thu Feb 16 05:07:17 UTC 2012,1.0,mood
: ),Thu Feb 16 04:05:50 UTC 2012,1.0,mood
: ),Thu Feb 16 03:06:13 UTC 2012,1.0,mood
: ),Thu Feb 16 02:06:56 UTC 2012,1.0,mood
: ),Thu Feb 16 01:06:41 UTC 2012,1.0,mood
: ),Thu Feb 16 00:06:26 UTC 2012,1.0,mood
: ),Wed Feb 15 23:51:16 UTC 2012,1.0,mood
: ),Wed Feb 15 22:07:39 UTC 2012,1.0,mood
: ),Wed Feb 15 21:40:33 UTC 2012,1.0,mood
: ),Wed Feb 15 20:40:31 UTC 2012,1.0,mood
: ],Wed Feb 15 19:40:46 UTC 2012,1.0,mood
: ),Wed Feb 15 18:40:48 UTC 2012,1.0,mood
: ),Wed Feb 15 17:08:32 UTC 2012,1.0,mood
: ),Wed Feb 15 16:08:36 UTC 2012,1.0,mood
: ],Wed Feb 15 15:40:31 UTC 2012,1.0,mood
: ),Wed Feb 15 14:05:58 UTC 2012,1.0,mood
: ),Wed Feb 15 13:00:26 UTC 2012,1.0,mood
: ],Wed Feb 15 12:10:31 UTC 2012,1.0,mood
: ),Wed Feb 15 06:00:09 UTC 2012,1.0,mood
: ),Wed Feb 15 05:05:12 UTC 2012,1.0,mood
: ),Wed Feb 15 04:05:16 UTC 2012,1.0,mood
: ),Wed Feb 15 03:26:14 UTC 2012,1.0,mood
: ),Wed Feb 15 02:26:19 UTC 2012,1.0,mood
: ),Wed Feb 15 01:29:17 UTC 2012,1.0,mood
: ),Wed Feb 15 00:29:19 UTC 2012,1.0,mood
: ),Tue Feb 14 23:29:16 UTC 2012,1.0,mood
: ),Tue Feb 14 22:29:14 UTC 2012,1.0,mood
: ],Tue Feb 14 21:58:12 UTC 2012,1.0,mood
: ],Tue Feb 14 20:00:11 UTC 2012,1.0,mood
: ],Tue Feb 14 19:00:14 UTC 2012,1.0,mood
: ),Tue Feb 14 18:03:45 UTC 2012,1.0,mood
: ],Tue Feb 14 17:12:37 UTC 2012,1.0,mood
: ],Tue Feb 14 16:12:38 UTC 2012,1.0,mood
: ],Tue Feb 14 15:00:14 UTC 2012,1.0,mood
: ],Tue Feb 14 14:00:15 UTC 2012,1.0,mood
: ],Tue Feb 14 13:00:23 UTC 2012,1.0,mood
: ],Tue Feb 14 12:00:27 UTC 2012,1.0,mood
: ),Tue Feb 14 07:11:52 UTC 2012,1.0,mood
: ],Tue Feb 14 06:10:50 UTC 2012,1.0,mood
: |,Tue Feb 14 05:10:42 UTC 2012,1.0,mood
:'(,Tue Feb 14 04:09:02 UTC 2012,1.0,mood
: ),Tue Feb 14 03:33:08 UTC 2012,1.0,mood
: ),Tue Feb 14 02:04:07 UTC 2012,1.0,mood
: ),Tue Feb 14 01:40:56 UTC 2012,1.0,mood
: ),Tue Feb 14 00:41:00 UTC 2012,1.0,mood
: ),Mon Feb 13 23:41:06 UTC 2012,1.0,mood
: ),Mon Feb 13 22:41:12 UTC 2012,1.0,mood
: ],Mon Feb 13 21:45:00 UTC 2012,1.0,mood
: ],Mon Feb 13 20:45:05 UTC 2012,1.0,mood
: ],Mon Feb 13 19:36:16 UTC 2012,1.0,mood
: ],Mon Feb 13 18:36:20 UTC 2012,1.0,mood
: ],Mon Feb 13 17:22:54 UTC 2012,1.0,mood
: ],Mon Feb 13 16:22:56 UTC 2012,1.0,mood
: ],Mon Feb 13 15:02:45 UTC 2012,1.0,mood
: ],Mon Feb 13 14:02:47 UTC 2012,1.0,mood
: ],Mon Feb 13 13:52:16 UTC 2012,1.0,mood
: ),Mon Feb 13 05:26:23 UTC 2012,1.0,mood
: ),Mon Feb 13 04:26:26 UTC 2012,1.0,mood
: ),Mon Feb 13 03:26:55 UTC 2012,1.0,mood
: ),Mon Feb 13 02:09:48 UTC 2012,1.0,mood
: ),Mon Feb 13 01:09:54 UTC 2012,1.0,mood
: ),Sun Feb 12 23:00:08 UTC 2012,1.0,mood
: ),Sun Feb 12 22:05:31 UTC 2012,1.0,mood
: ),Sun Feb 12 21:49:41 UTC 2012,1.0,mood
: ),Sun Feb 12 20:04:38 UTC 2012,1.0,mood
: ),Sun Feb 12 19:04:40 UTC 2012,1.0,mood
: ),Sun Feb 12 18:04:39 UTC 2012,1.0,mood
: ),Sun Feb 12 17:00:54 UTC 2012,1.0,mood
: ),Sun Feb 12 16:00:56 UTC 2012,1.0,mood
: ],Sun Feb 12 07:02:23 UTC 2012,1.0,mood
: |,Sun Feb 12 06:55:20 UTC 2012,1.0,mood
: ),Sun Feb 12 05:01:03 UTC 2012,1.0,mood
: ),Sun Feb 12 04:01:00 UTC 2012,1.0,mood
: ],Sun Feb 12 03:02:23 UTC 2012,1.0,mood
: ),Sun Feb 12 02:01:15 UTC 2012,1.0,mood
: ),Sun Feb 12 01:02:42 UTC 2012,1.0,mood
: ),Sun Feb 12 00:49:36 UTC 2012,1.0,mood
: ),Sat Feb 11 23:49:41 UTC 2012,1.0,mood
: ),Sat Feb 11 22:50:02 UTC 2012,1.0,mood
: ),Sat Feb 11 21:50:20 UTC 2012,1.0,mood
: ),Sat Feb 11 20:00:48 UTC 2012,1.0,mood
: ),Sat Feb 11 19:00:06 UTC 2012,1.0,mood
: ),Sat Feb 11 18:03:45 UTC 2012,1.0,mood
: ),Sat Feb 11 17:03:48 UTC 2012,1.0,mood
: ],Sat Feb 11 16:51:08 UTC 2012,1.0,mood
: ),Sat Feb 11 11:11:40 UTC 2012,1.0,mood
: ),Sat Feb 11 10:11:34 UTC 2012,1.0,mood
: ),Sat Feb 11 09:11:38 UTC 2012,1.0,mood
: ),Sat Feb 11 08:30:50 UTC 2012,1.0,mood
: ),Sat Feb 11 07:09:41 UTC 2012,1.0,mood
: ),Sat Feb 11 06:09:43 UTC 2012,1.0,mood
: ),Sat Feb 11 05:16:33 UTC 2012,1.0,mood
: ),Sat Feb 11 04:00:15 UTC 2012,1.0,mood
: ),Sat Feb 11 00:00:32 UTC 2012,1.0,mood
: ),Fri Feb 10 23:00:36 UTC 2012,1.0,mood
: ),Fri Feb 10 22:04:20 UTC 2012,1.0,mood
: ],Fri Feb 10 21:29:31 UTC 2012,1.0,mood
: ],Fri Feb 10 20:29:36 UTC 2012,1.0,mood
: ],Fri Feb 10 19:29:35 UTC 2012,1.0,mood
: ],Fri Feb 10 18:24:05 UTC 2012,1.0,mood
: ],Fri Feb 10 17:19:33 UTC 2012,1.0,mood
: ],Fri Feb 10 16:19:35 UTC 2012,1.0,mood
: ],Fri Feb 10 15:19:31 UTC 2012,1.0,mood
: ],Fri Feb 10 14:33:55 UTC 2012,1.0,mood
: ],Fri Feb 10 13:54:47 UTC 2012,1.0,mood
: ),Fri Feb 10 04:00:27 UTC 2012,1.0,mood
: ),Fri Feb 10 03:00:35 UTC 2012,1.0,mood
: ),Fri Feb 10 02:00:34 UTC 2012,1.0,mood
: ),Fri Feb 10 01:00:32 UTC 2012,1.0,mood
: ),Fri Feb 10 00:52:12 UTC 2012,1.0,mood
: ],Thu Feb 09 23:41:35 UTC 2012,1.0,mood
: ],Thu Feb 09 22:18:44 UTC 2012,1.0,mood
: ],Thu Feb 09 21:45:05 UTC 2012,1.0,mood
: ],Thu Feb 09 20:29:44 UTC 2012,1.0,mood
: ],Thu Feb 09 19:19:22 UTC 2012,1.0,mood
: ],Thu Feb 09 18:19:28 UTC 2012,1.0,mood
: ],Thu Feb 09 17:20:04 UTC 2012,1.0,mood
: |,Thu Feb 09 16:30:38 UTC 2012,1.0,mood
: |,Thu Feb 09 15:53:29 UTC 2012,1.0,mood
: |,Thu Feb 09 10:22:01 UTC 2012,1.0,mood
: |,Thu Feb 09 09:11:36 UTC 2012,1.0,mood
: ],Thu Feb 09 08:00:14 UTC 2012,1.0,mood
: ],Thu Feb 09 07:00:11 UTC 2012,1.0,mood
: ),Thu Feb 09 06:00:27 UTC 2012,1.0,mood
: ],Thu Feb 09 05:09:36 UTC 2012,1.0,mood
: ],Thu Feb 09 04:37:02 UTC 2012,1.0,mood
: ],Thu Feb 09 03:11:20 UTC 2012,1.0,mood
: ),Thu Feb 09 02:32:43 UTC 2012,1.0,mood
: ],Thu Feb 09 01:32:41 UTC 2012,1.0,mood
: ],Thu Feb 09 00:08:40 UTC 2012,1.0,mood
: ],Thu Feb 09 00:08:40 UTC 2012,1.0,mood
: ),Wed Feb 08 23:02:44 UTC 2012,1.0,mood
: ],Wed Feb 08 22:04:38 UTC 2012,1.0,mood
: ],Wed Feb 08 21:48:27 UTC 2012,1.0,mood
: ],Wed Feb 08 20:48:28 UTC 2012,1.0,mood
: ],Wed Feb 08 19:04:28 UTC 2012,1.0,mood
: ],Wed Feb 08 18:15:13 UTC 2012,1.0,mood
: ],Wed Feb 08 17:15:11 UTC 2012,1.0,mood
: ],Wed Feb 08 16:15:12 UTC 2012,1.0,mood
: ],Wed Feb 08 15:21:33 UTC 2012,1.0,mood
: ],Wed Feb 08 14:21:36 UTC 2012,1.0,mood
: ),Wed Feb 08 13:01:10 UTC 2012,1.0,mood
: ],Wed Feb 08 12:29:00 UTC 2012,1.0,mood
: ],Wed Feb 08 11:15:35 UTC 2012,1.0,mood
: ),Wed Feb 08 03:18:51 UTC 2012,1.0,mood
: ),Wed Feb 08 02:18:52 UTC 2012,1.0,mood
: ),Wed Feb 08 01:00:11 UTC 2012,1.0,mood
: ),Wed Feb 08 00:38:06 UTC 2012,1.0,mood
: ),Tue Feb 07 23:38:08 UTC 2012,1.0,mood
: ),Tue Feb 07 22:16:04 UTC 2012,1.0,mood
: ],Tue Feb 07 21:07:31 UTC 2012,1.0,mood
: ],Tue Feb 07 20:29:35 UTC 2012,1.0,mood
: ],Tue Feb 07 19:29:37 UTC 2012,1.0,mood
: ],Tue Feb 07 18:29:43 UTC 2012,1.0,mood
: ],Tue Feb 07 17:42:23 UTC 2012,1.0,mood
: ],Tue Feb 07 16:04:50 UTC 2012,1.0,mood
: ],Tue Feb 07 15:01:03 UTC 2012,1.0,mood
: ],Tue Feb 07 14:00:13 UTC 2012,1.0,mood
: ],Tue Feb 07 13:18:16 UTC 2012,1.0,mood
: ],Tue Feb 07 07:00:13 UTC 2012,1.0,mood
: ],Tue Feb 07 06:20:50 UTC 2012,1.0,mood
: ],Tue Feb 07 05:00:41 UTC 2012,1.0,mood
: ),Tue Feb 07 04:00:08 UTC 2012,1.0,mood
: ),Tue Feb 07 03:04:32 UTC 2012,1.0,mood
: ],Tue Feb 07 02:04:43 UTC 2012,1.0,mood
: ),Tue Feb 07 01:26:44 UTC 2012,1.0,mood
: ],Tue Feb 07 00:06:04 UTC 2012,1.0,mood
: ],Mon Feb 06 23:00:11 UTC 2012,1.0,mood
: ),Mon Feb 06 22:03:20 UTC 2012,1.0,mood
: ],Mon Feb 06 21:26:24 UTC 2012,1.0,mood
: ],Mon Feb 06 20:02:23 UTC 2012,1.0,mood
: ],Mon Feb 06 19:10:31 UTC 2012,1.0,mood
: ],Mon Feb 06 18:14:59 UTC 2012,1.0,mood
: ],Mon Feb 06 17:03:50 UTC 2012,1.0,mood
: ],Mon Feb 06 16:03:53 UTC 2012,1.0,mood
: ],Mon Feb 06 15:53:36 UTC 2012,1.0,mood
: ],Mon Feb 06 14:08:28 UTC 2012,1.0,mood
: ],Mon Feb 06 05:16:14 UTC 2012,1.0,mood
: ],Mon Feb 06 04:15:56 UTC 2012,1.0,mood
: ),Mon Feb 06 03:15:42 UTC 2012,1.0,mood
: ),Mon Feb 06 02:26:01 UTC 2012,1.0,mood
: ),Mon Feb 06 01:30:19 UTC 2012,1.0,mood
: ),Mon Feb 06 00:30:19 UTC 2012,1.0,mood
: ],Sun Feb 05 23:02:16 UTC 2012,1.0,mood
: ),Sun Feb 05 22:08:33 UTC 2012,1.0,mood
: ),Sun Feb 05 21:38:40 UTC 2012,1.0,mood
: ],Sun Feb 05 20:12:27 UTC 2012,1.0,mood
: ),Sun Feb 05 19:06:55 UTC 2012,1.0,mood
: ],Sun Feb 05 09:01:44 UTC 2012,1.0,mood
: ),Sun Feb 05 08:02:10 UTC 2012,1.0,mood
: ),Sun Feb 05 07:23:59 UTC 2012,1.0,mood
: ),Sun Feb 05 06:32:52 UTC 2012,1.0,mood
: D,Sun Feb 05 05:24:41 UTC 2012,1.0,mood
: ),Sun Feb 05 04:23:13 UTC 2012,1.0,mood
: ),Sun Feb 05 03:24:02 UTC 2012,1.0,mood
: ],Sun Feb 05 02:00:28 UTC 2012,1.0,mood
: ),Sun Feb 05 01:18:49 UTC 2012,1.0,mood
: ),Sun Feb 05 00:00:23 UTC 2012,1.0,mood
: ),Sat Feb 04 23:00:24 UTC 2012,1.0,mood
: ),Sat Feb 04 22:00:20 UTC 2012,1.0,mood
: ),Sat Feb 04 21:00:43 UTC 2012,1.0,mood
: ),Sat Feb 04 20:55:54 UTC 2012,1.0,mood
: ),Sat Feb 04 19:01:48 UTC 2012,1.0,mood
: ),Sat Feb 04 18:01:49 UTC 2012,1.0,mood
: ),Sat Feb 04 05:09:17 UTC 2012,1.0,mood
: ),Sat Feb 04 04:01:36 UTC 2012,1.0,mood
: ),Sat Feb 04 03:02:42 UTC 2012,1.0,mood
: ),Sat Feb 04 02:02:44 UTC 2012,1.0,mood
: ),Sat Feb 04 01:43:04 UTC 2012,1.0,mood
: ),Sat Feb 04 00:00:13 UTC 2012,1.0,mood
: ],Fri Feb 03 23:00:11 UTC 2012,1.0,mood
: ],Fri Feb 03 21:03:26 UTC 2012,1.0,mood
: ],Fri Feb 03 20:03:12 UTC 2012,1.0,mood
: ],Fri Feb 03 19:28:15 UTC 2012,1.0,mood
: ],Fri Feb 03 18:01:00 UTC 2012,1.0,mood
: ],Fri Feb 03 16:00:13 UTC 2012,1.0,mood
: ),Fri Feb 03 15:00:07 UTC 2012,1.0,mood
: ),Fri Feb 03 14:42:23 UTC 2012,1.0,mood
: ],Fri Feb 03 07:02:07 UTC 2012,1.0,mood
: ),Fri Feb 03 06:02:31 UTC 2012,1.0,mood
: ),Fri Feb 03 05:02:29 UTC 2012,1.0,mood
: ),Fri Feb 03 04:02:11 UTC 2012,1.0,mood
: ),Fri Feb 03 03:03:50 UTC 2012,1.0,mood
: ],Fri Feb 03 02:12:21 UTC 2012,1.0,mood
: ],Fri Feb 03 01:09:08 UTC 2012,1.0,mood
: |,Fri Feb 03 00:02:22 UTC 2012,1.0,mood
: ],Thu Feb 02 23:29:13 UTC 2012,1.0,mood
: |,Thu Feb 02 22:01:23 UTC 2012,1.0,mood
: |,Thu Feb 02 21:14:00 UTC 2012,1.0,mood
: |,Thu Feb 02 20:28:57 UTC 2012,1.0,mood
: |,Thu Feb 02 19:23:44 UTC 2012,1.0,mood
: |,Thu Feb 02 18:49:53 UTC 2012,1.0,mood
: ],Thu Feb 02 17:55:03 UTC 2012,1.0,mood
: ),Thu Feb 02 16:15:30 UTC 2012,1.0,mood
: ),Thu Feb 02 15:00:10 UTC 2012,1.0,mood
: ),Thu Feb 02 14:19:07 UTC 2012,1.0,mood
: ],Thu Feb 02 13:26:52 UTC 2012,1.0,mood
: ),Thu Feb 02 04:58:23 UTC 2012,1.0,mood
: ),Thu Feb 02 01:22:51 UTC 2012,1.0,mood
: ),Thu Feb 02 00:22:53 UTC 2012,1.0,mood
: ),Wed Feb 01 23:42:28 UTC 2012,1.0,mood
: ),Wed Feb 01 21:02:29 UTC 2012,1.0,mood
: ),Wed Feb 01 21:02:29 UTC 2012,1.0,mood
: ),Wed Feb 01 20:00:26 UTC 2012,1.0,mood
: ],Wed Feb 01 19:31:43 UTC 2012,1.0,mood
: ),Wed Feb 01 18:00:27 UTC 2012,1.0,mood
: ),Wed Feb 01 17:00:32 UTC 2012,1.0,mood
: ),Wed Feb 01 16:12:23 UTC 2012,1.0,mood
: ],Wed Feb 01 15:25:09 UTC 2012,1.0,mood
: ],Wed Feb 01 14:02:26 UTC 2012,1.0,mood
: ],Wed Feb 01 13:52:16 UTC 2012,1.0,mood
: ],Wed Feb 01 12:57:09 UTC 2012,1.0,mood
: ],Wed Feb 01 05:06:10 UTC 2012,1.0,mood
: |,Wed Feb 01 04:06:06 UTC 2012,1.0,mood
: |,Wed Feb 01 03:42:35 UTC 2012,1.0,mood
: |,Wed Feb 01 02:16:45 UTC 2012,1.0,mood
: |,Wed Feb 01 01:00:31 UTC 2012,1.0,mood
: |,Wed Feb 01 00:13:02 UTC 2012,1.0,mood
: |,Tue Jan 31 23:28:49 UTC 2012,1.0,mood
: ],Tue Jan 31 22:02:10 UTC 2012,1.0,mood
: ],Tue Jan 31 22:02:07 UTC 2012,1.0,mood
: ],Tue Jan 31 21:02:10 UTC 2012,1.0,mood
: ],Tue Jan 31 20:22:15 UTC 2012,1.0,mood
: ],Tue Jan 31 19:04:48 UTC 2012,1.0,mood
: ],Tue Jan 31 18:24:57 UTC 2012,1.0,mood
: ],Tue Jan 31 17:10:01 UTC 2012,1.0,mood
: ],Tue Jan 31 16:21:50 UTC 2012,1.0,mood
: ],Tue Jan 31 15:00:02 UTC 2012,1.0,mood
: ],Tue Jan 31 14:00:58 UTC 2012,1.0,mood
: ],Tue Jan 31 13:44:14 UTC 2012,1.0,mood
: ],Tue Jan 31 06:47:58 UTC 2012,1.0,mood
: ],Tue Jan 31 05:01:37 UTC 2012,1.0,mood
: ],Tue Jan 31 05:01:37 UTC 2012,1.0,mood
: ],Tue Jan 31 04:00:07 UTC 2012,1.0,mood
: ],Tue Jan 31 03:19:18 UTC 2012,1.0,mood
: ],Tue Jan 31 02:03:02 UTC 2012,1.0,mood
: ],Tue Jan 31 01:03:05 UTC 2012,1.0,mood
: ],Tue Jan 31 00:54:30 UTC 2012,1.0,mood
: ],Mon Jan 30 23:54:33 UTC 2012,1.0,mood
: ],Mon Jan 30 22:48:01 UTC 2012,1.0,mood
: ],Mon Jan 30 21:34:15 UTC 2012,1.0,mood
: ],Mon Jan 30 20:00:10 UTC 2012,1.0,mood
: ],Mon Jan 30 19:00:11 UTC 2012,1.0,mood
: ],Mon Jan 30 18:27:27 UTC 2012,1.0,mood
: ],Mon Jan 30 17:27:33 UTC 2012,1.0,mood
: ],Mon Jan 30 16:59:07 UTC 2012,1.0,mood
: ],Mon Jan 30 15:08:41 UTC 2012,1.0,mood
: ],Mon Jan 30 14:39:14 UTC 2012,1.0,mood
: ),Mon Jan 30 05:02:52 UTC 2012,1.0,mood
: ],Mon Jan 30 04:00:22 UTC 2012,1.0,mood
: ),Mon Jan 30 03:00:46 UTC 2012,1.0,mood
: ),Mon Jan 30 02:00:23 UTC 2012,1.0,mood
: ),Mon Jan 30 01:01:05 UTC 2012,1.0,mood
: ),Mon Jan 30 00:29:51 UTC 2012,1.0,mood
: ),Sun Jan 29 23:50:09 UTC 2012,1.0,mood
: ),Sun Jan 29 22:50:05 UTC 2012,1.0,mood
: ),Sun Jan 29 21:50:08 UTC 2012,1.0,mood
: ),Sun Jan 29 20:19:54 UTC 2012,1.0,mood
: ),Sun Jan 29 19:01:54 UTC 2012,1.0,mood
: ),Sun Jan 29 18:08:14 UTC 2012,1.0,mood
: ),Sun Jan 29 17:08:17 UTC 2012,1.0,mood
: ),Sun Jan 29 11:28:51 UTC 2012,1.0,mood
: ),Sun Jan 29 10:28:49 UTC 2012,1.0,mood
: ),Sun Jan 29 09:28:43 UTC 2012,1.0,mood
: ),Sun Jan 29 08:13:38 UTC 2012,1.0,mood
: ),Sun Jan 29 07:00:13 UTC 2012,1.0,mood
: ),Sun Jan 29 06:59:44 UTC 2012,1.0,mood
: ),Sun Jan 29 05:23:23 UTC 2012,1.0,mood
: ),Sun Jan 29 04:02:43 UTC 2012,1.0,mood
: ),Sat Jan 28 23:05:59 UTC 2012,1.0,mood
: ),Sat Jan 28 22:42:53 UTC 2012,1.0,mood
: ),Sat Jan 28 21:01:50 UTC 2012,1.0,mood
: ),Sat Jan 28 20:01:56 UTC 2012,1.0,mood
: ],Sat Jan 28 19:00:14 UTC 2012,1.0,mood
: ),Sat Jan 28 18:00:17 UTC 2012,1.0,mood
: ),Sat Jan 28 17:00:15 UTC 2012,1.0,mood
: ),Sat Jan 28 16:04:59 UTC 2012,1.0,mood
: ),Sat Jan 28 03:52:59 UTC 2012,1.0,mood
: ),Sat Jan 28 02:00:23 UTC 2012,1.0,mood
: ),Sat Jan 28 01:45:25 UTC 2012,1.0,mood
: ),Sat Jan 28 00:09:32 UTC 2012,1.0,mood
: ],Fri Jan 27 23:09:53 UTC 2012,1.0,mood
: ],Fri Jan 27 22:09:37 UTC 2012,1.0,mood
: ],Fri Jan 27 21:01:16 UTC 2012,1.0,mood
: ),Fri Jan 27 20:54:40 UTC 2012,1.0,mood
: ),Fri Jan 27 19:35:06 UTC 2012,1.0,mood
: ),Fri Jan 27 18:55:27 UTC 2012,1.0,mood
: ),Fri Jan 27 17:00:27 UTC 2012,1.0,mood
: ),Fri Jan 27 16:01:57 UTC 2012,1.0,mood
: ],Fri Jan 27 15:46:22 UTC 2012,1.0,mood
: ],Fri Jan 27 14:46:23 UTC 2012,1.0,mood
: ],Fri Jan 27 13:09:48 UTC 2012,1.0,mood
: ],Fri Jan 27 05:01:17 UTC 2012,1.0,mood
: ),Fri Jan 27 04:37:31 UTC 2012,1.0,mood
: |,Fri Jan 27 03:00:24 UTC 2012,1.0,mood
: ],Fri Jan 27 02:16:13 UTC 2012,1.0,mood
: ],Fri Jan 27 01:04:57 UTC 2012,1.0,mood
: ],Fri Jan 27 00:41:13 UTC 2012,1.0,mood
: ],Thu Jan 26 23:41:15 UTC 2012,1.0,mood
: ],Thu Jan 26 22:07:00 UTC 2012,1.0,mood
: ),Thu Jan 26 21:19:52 UTC 2012,1.0,mood
: ],Thu Jan 26 20:19:56 UTC 2012,1.0,mood
: ],Thu Jan 26 19:00:10 UTC 2012,1.0,mood
: ],Thu Jan 26 18:26:57 UTC 2012,1.0,mood
: ),Thu Jan 26 17:00:08 UTC 2012,1.0,mood
: ],Thu Jan 26 16:08:19 UTC 2012,1.0,mood
: ],Thu Jan 26 15:00:04 UTC 2012,1.0,mood
: ],Thu Jan 26 14:00:07 UTC 2012,1.0,mood
: D,Thu Jan 26 10:03:15 UTC 2012,1.0,mood
: ),Thu Jan 26 09:00:48 UTC 2012,1.0,mood
: ),Thu Jan 26 08:00:51 UTC 2012,1.0,mood
: ],Thu Jan 26 07:00:15 UTC 2012,1.0,mood
: ],Thu Jan 26 06:27:40 UTC 2012,1.0,mood
: ],Thu Jan 26 05:36:40 UTC 2012,1.0,mood
: ),Thu Jan 26 04:00:21 UTC 2012,1.0,mood
: ),Thu Jan 26 03:00:14 UTC 2012,1.0,mood
: ),Thu Jan 26 02:00:19 UTC 2012,1.0,mood
: ),Thu Jan 26 01:17:12 UTC 2012,1.0,mood
: ),Thu Jan 26 00:17:16 UTC 2012,1.0,mood
: ),Wed Jan 25 23:08:37 UTC 2012,1.0,mood
: ],Wed Jan 25 22:12:50 UTC 2012,1.0,mood
: ],Wed Jan 25 21:15:30 UTC 2012,1.0,mood
: ],Wed Jan 25 20:00:14 UTC 2012,1.0,mood
: ],Wed Jan 25 19:19:18 UTC 2012,1.0,mood
: ],Wed Jan 25 18:00:16 UTC 2012,1.0,mood
: ],Wed Jan 25 17:16:38 UTC 2012,1.0,mood
: ],Wed Jan 25 16:00:25 UTC 2012,1.0,mood
: ],Wed Jan 25 15:26:27 UTC 2012,1.0,mood
: ],Wed Jan 25 14:00:21 UTC 2012,1.0,mood
: ),Wed Jan 25 06:14:29 UTC 2012,1.0,mood
: ),Wed Jan 25 05:53:55 UTC 2012,1.0,mood
: ),Wed Jan 25 04:00:18 UTC 2012,1.0,mood
: ),Wed Jan 25 03:04:34 UTC 2012,1.0,mood
: ),Wed Jan 25 02:10:36 UTC 2012,1.0,mood
: ),Wed Jan 25 01:04:31 UTC 2012,1.0,mood
: ),Wed Jan 25 00:00:10 UTC 2012,1.0,mood
: ),Tue Jan 24 18:00:11 UTC 2012,1.0,mood
: ),Tue Jan 24 17:14:37 UTC 2012,1.0,mood
: ],Tue Jan 24 16:00:49 UTC 2012,1.0,mood
: ],Tue Jan 24 15:00:52 UTC 2012,1.0,mood
: ),Tue Jan 24 09:04:31 UTC 2012,1.0,mood
: ),Tue Jan 24 08:16:38 UTC 2012,1.0,mood
: ),Tue Jan 24 07:16:40 UTC 2012,1.0,mood
: ),Tue Jan 24 06:05:46 UTC 2012,1.0,mood
: ),Tue Jan 24 06:05:46 UTC 2012,1.0,mood
: ),Tue Jan 24 04:10:04 UTC 2012,1.0,mood
: ),Tue Jan 24 04:10:04 UTC 2012,1.0,mood
: ),Tue Jan 24 03:22:49 UTC 2012,1.0,mood
: ),Tue Jan 24 02:00:13 UTC 2012,1.0,mood
: ),Tue Jan 24 01:35:00 UTC 2012,1.0,mood
: ),Tue Jan 24 00:06:19 UTC 2012,1.0,mood
: ),Mon Jan 23 23:33:49 UTC 2012,1.0,mood
: ),Mon Jan 23 22:06:00 UTC 2012,1.0,mood
: ),Mon Jan 23 21:29:36 UTC 2012,1.0,mood
: D,Mon Jan 23 20:47:18 UTC 2012,1.0,mood
: ),Mon Jan 23 18:14:29 UTC 2012,1.0,mood
: D,Mon Jan 23 17:37:55 UTC 2012,1.0,mood
: ),Mon Jan 23 16:40:11 UTC 2012,1.0,mood
: ),Mon Jan 23 15:51:30 UTC 2012,1.0,mood
: ),Mon Jan 23 15:51:30 UTC 2012,1.0,mood
: ),Mon Jan 23 07:14:26 UTC 2012,1.0,mood
: ),Mon Jan 23 06:14:23 UTC 2012,1.0,mood
: ),Mon Jan 23 05:00:13 UTC 2012,1.0,mood
: ),Mon Jan 23 04:00:17 UTC 2012,1.0,mood
: ),Mon Jan 23 03:02:21 UTC 2012,1.0,mood
: ),Mon Jan 23 02:02:24 UTC 2012,1.0,mood
: ],Mon Jan 23 01:00:25 UTC 2012,1.0,mood
: ),Mon Jan 23 00:12:24 UTC 2012,1.0,mood
: ),Sun Jan 22 23:16:59 UTC 2012,1.0,mood
: ),Sun Jan 22 22:01:35 UTC 2012,1.0,mood
: ),Sun Jan 22 21:00:25 UTC 2012,1.0,mood
: ),Sun Jan 22 20:00:29 UTC 2012,1.0,mood
: ],Sun Jan 22 19:25:45 UTC 2012,1.0,mood
: ],Sun Jan 22 05:00:38 UTC 2012,1.0,mood
: ),Sun Jan 22 04:00:53 UTC 2012,1.0,mood
: ],Sun Jan 22 03:27:47 UTC 2012,1.0,mood
: ),Sun Jan 22 02:27:45 UTC 2012,1.0,mood
: ),Sun Jan 22 01:27:44 UTC 2012,1.0,mood
: ),Sun Jan 22 00:00:26 UTC 2012,1.0,mood
: ),Sat Jan 21 23:00:29 UTC 2012,1.0,mood
: ),Sat Jan 21 22:00:16 UTC 2012,1.0,mood
: ),Sat Jan 21 21:00:17 UTC 2012,1.0,mood
: ),Sat Jan 21 20:07:07 UTC 2012,1.0,mood
: ),Sat Jan 21 19:07:09 UTC 2012,1.0,mood
: ),Sat Jan 21 18:44:05 UTC 2012,1.0,mood
: ),Sat Jan 21 08:00:00 UTC 2012,1.0,mood
: ),Sat Jan 21 07:57:59 UTC 2012,1.0,mood
: ),Sat Jan 21 06:57:56 UTC 2012,1.0,mood
: ),Sat Jan 21 05:14:55 UTC 2012,1.0,mood
: ),Sat Jan 21 04:32:47 UTC 2012,1.0,mood
: ),Sat Jan 21 03:49:59 UTC 2012,1.0,mood
: ),Sat Jan 21 02:56:07 UTC 2012,1.0,mood
: ),Sat Jan 21 01:00:09 UTC 2012,1.0,mood
: ),Sat Jan 21 00:18:36 UTC 2012,1.0,mood
: ),Fri Jan 20 23:45:00 UTC 2012,1.0,mood
: ),Fri Jan 20 22:45:04 UTC 2012,1.0,mood
: ],Fri Jan 20 21:10:33 UTC 2012,1.0,mood
: ),Fri Jan 20 20:10:27 UTC 2012,1.0,mood
: ),Fri Jan 20 19:53:12 UTC 2012,1.0,mood
: ),Fri Jan 20 18:33:47 UTC 2012,1.0,mood
: ),Fri Jan 20 17:33:50 UTC 2012,1.0,mood
: ),Fri Jan 20 16:00:16 UTC 2012,1.0,mood
: ),Fri Jan 20 15:00:17 UTC 2012,1.0,mood
: ),Fri Jan 20 14:02:23 UTC 2012,1.0,mood
: ),Fri Jan 20 13:00:18 UTC 2012,1.0,mood
: ),Fri Jan 20 12:42:43 UTC 2012,1.0,mood
: ),Fri Jan 20 07:00:18 UTC 2012,1.0,mood
: ),Fri Jan 20 06:14:52 UTC 2012,1.0,mood
: ),Fri Jan 20 06:00:19 UTC 2012,1.0,mood
: ),Fri Jan 20 05:00:20 UTC 2012,1.0,mood
: ),Fri Jan 20 04:10:21 UTC 2012,1.0,mood
: ),Thu Jan 19 22:00:21 UTC 2012,1.0,mood
: ),Thu Jan 19 21:21:04 UTC 2012,1.0,mood
: ),Thu Jan 19 20:46:40 UTC 2012,1.0,mood
: ),Thu Jan 19 19:51:05 UTC 2012,1.0,mood
: ),Thu Jan 19 18:51:04 UTC 2012,1.0,mood
: ),Thu Jan 19 17:25:19 UTC 2012,1.0,mood
: ),Thu Jan 19 16:32:21 UTC 2012,1.0,mood
: ),Thu Jan 19 15:04:18 UTC 2012,1.0,mood
: ],Thu Jan 19 14:04:20 UTC 2012,1.0,mood
: ),Thu Jan 19 10:22:30 UTC 2012,1.0,mood
: ],Thu Jan 19 09:53:30 UTC 2012,1.0,mood
: ],Thu Jan 19 08:08:26 UTC 2012,1.0,mood
: ),Thu Jan 19 07:08:29 UTC 2012,1.0,mood
: |,Thu Jan 19 06:03:36 UTC 2012,1.0,mood
: D,Thu Jan 19 05:03:09 UTC 2012,1.0,mood
: ),Thu Jan 19 04:02:36 UTC 2012,1.0,mood
: ),Thu Jan 19 03:06:39 UTC 2012,1.0,mood
: ),Thu Jan 19 02:00:27 UTC 2012,1.0,mood
: ),Thu Jan 19 01:14:25 UTC 2012,1.0,mood
: ),Thu Jan 19 00:14:28 UTC 2012,1.0,mood
: ),Wed Jan 18 23:00:11 UTC 2012,1.0,mood
: ],Wed Jan 18 22:00:24 UTC 2012,1.0,mood
: ],Wed Jan 18 21:00:21 UTC 2012,1.0,mood
: ],Wed Jan 18 20:33:49 UTC 2012,1.0,mood
: ],Wed Jan 18 19:01:50 UTC 2012,1.0,mood
: ),Wed Jan 18 18:03:26 UTC 2012,1.0,mood
: ],Wed Jan 18 17:01:23 UTC 2012,1.0,mood
: ],Wed Jan 18 16:38:14 UTC 2012,1.0,mood
: ),Wed Jan 18 15:00:29 UTC 2012,1.0,mood
: ),Wed Jan 18 14:00:21 UTC 2012,1.0,mood
: ),Wed Jan 18 13:00:19 UTC 2012,1.0,mood
: ],Wed Jan 18 12:30:24 UTC 2012,1.0,mood
: ],Wed Jan 18 04:11:55 UTC 2012,1.0,mood
: ],Wed Jan 18 03:54:33 UTC 2012,1.0,mood
: ),Wed Jan 18 02:34:58 UTC 2012,1.0,mood
: ),Wed Jan 18 01:06:28 UTC 2012,1.0,mood
: ],Wed Jan 18 00:06:55 UTC 2012,1.0,mood
: ),Tue Jan 17 23:52:08 UTC 2012,1.0,mood
: ),Tue Jan 17 22:13:42 UTC 2012,1.0,mood
: ),Tue Jan 17 21:01:48 UTC 2012,1.0,mood
: ),Tue Jan 17 20:14:19 UTC 2012,1.0,mood
: ),Tue Jan 17 19:23:14 UTC 2012,1.0,mood
: ),Tue Jan 17 18:23:17 UTC 2012,1.0,mood
: ),Tue Jan 17 17:00:42 UTC 2012,1.0,mood
: ],Tue Jan 17 16:00:31 UTC 2012,1.0,mood
: ],Tue Jan 17 15:00:32 UTC 2012,1.0,mood
: ],Tue Jan 17 14:11:19 UTC 2012,1.0,mood
: |,Tue Jan 17 13:11:06 UTC 2012,1.0,mood
: ),Tue Jan 17 07:00:53 UTC 2012,1.0,mood
: ),Tue Jan 17 06:00:41 UTC 2012,1.0,mood
: ),Tue Jan 17 05:12:03 UTC 2012,1.0,mood
: ),Tue Jan 17 04:12:04 UTC 2012,1.0,mood
: ),Tue Jan 17 03:08:42 UTC 2012,1.0,mood
: ),Tue Jan 17 02:43:51 UTC 2012,1.0,mood
: ),Tue Jan 17 01:09:19 UTC 2012,1.0,mood
: ),Tue Jan 17 00:00:15 UTC 2012,1.0,mood
: ),Mon Jan 16 23:00:17 UTC 2012,1.0,mood
: ),Mon Jan 16 22:02:48 UTC 2012,1.0,mood
: ),Mon Jan 16 21:13:41 UTC 2012,1.0,mood
: ),Mon Jan 16 20:03:56 UTC 2012,1.0,mood
: ),Mon Jan 16 19:03:55 UTC 2012,1.0,mood
: ),Mon Jan 16 18:12:55 UTC 2012,1.0,mood
: ),Mon Jan 16 04:00:10 UTC 2012,1.0,mood
: ),Mon Jan 16 03:30:04 UTC 2012,1.0,mood
: ),Mon Jan 16 02:01:14 UTC 2012,1.0,mood
: ),Sun Jan 15 23:06:37 UTC 2012,1.0,mood
: ),Sun Jan 15 22:06:40 UTC 2012,1.0,mood
: ),Sun Jan 15 21:06:49 UTC 2012,1.0,mood
: ),Sun Jan 15 20:24:30 UTC 2012,1.0,mood
: ),Sun Jan 15 19:00:32 UTC 2012,1.0,mood
: ),Sun Jan 15 18:00:35 UTC 2012,1.0,mood
: ),Sun Jan 15 12:03:09 UTC 2012,1.0,mood
: ),Sun Jan 15 11:23:57 UTC 2012,1.0,mood
: ),Sun Jan 15 10:23:56 UTC 2012,1.0,mood
: ),Sun Jan 15 09:11:05 UTC 2012,1.0,mood
: ),Sun Jan 15 08:46:29 UTC 2012,1.0,mood
: ),Sun Jan 15 07:09:20 UTC 2012,1.0,mood
: ),Sun Jan 15 06:28:54 UTC 2012,1.0,mood
: ),Sun Jan 15 05:28:52 UTC 2012,1.0,mood
: ),Sun Jan 15 04:37:05 UTC 2012,1.0,mood
: ),Sun Jan 15 03:11:06 UTC 2012,1.0,mood
: ),Sun Jan 15 02:27:18 UTC 2012,1.0,mood
: ),Sun Jan 15 01:04:53 UTC 2012,1.0,mood
: ),Sun Jan 15 01:04:53 UTC 2012,1.0,mood
: ),Sun Jan 15 00:00:16 UTC 2012,1.0,mood
: ),Sat Jan 14 23:08:59 UTC 2012,1.0,mood
: ),Sat Jan 14 22:49:24 UTC 2012,1.0,mood
: ),Sat Jan 14 21:46:22 UTC 2012,1.0,mood
: ),Sat Jan 14 20:49:20 UTC 2012,1.0,mood
: ),Sat Jan 14 19:11:28 UTC 2012,1.0,mood
: ),Sat Jan 14 18:20:23 UTC 2012,1.0,mood
: ),Sat Jan 14 07:01:03 UTC 2012,1.0,mood
: ),Sat Jan 14 06:00:42 UTC 2012,1.0,mood
: ),Sat Jan 14 05:00:36 UTC 2012,1.0,mood
: ),Sat Jan 14 04:09:48 UTC 2012,1.0,mood
: ),Sat Jan 14 03:25:39 UTC 2012,1.0,mood
: ),Sat Jan 14 02:00:39 UTC 2012,1.0,mood
: ),Sat Jan 14 02:00:39 UTC 2012,1.0,mood
: ),Sat Jan 14 01:48:27 UTC 2012,1.0,mood
: ),Sat Jan 14 00:09:14 UTC 2012,1.0,mood
: |,Fri Jan 13 23:14:18 UTC 2012,1.0,mood
: ),Fri Jan 13 22:01:13 UTC 2012,1.0,mood
: ),Fri Jan 13 21:01:59 UTC 2012,1.0,mood
: ],Fri Jan 13 20:01:50 UTC 2012,1.0,mood
: ],Fri Jan 13 19:34:22 UTC 2012,1.0,mood
: ),Fri Jan 13 18:48:45 UTC 2012,1.0,mood
: ],Fri Jan 13 17:00:18 UTC 2012,1.0,mood
: ],Fri Jan 13 16:00:19 UTC 2012,1.0,mood
: |,Fri Jan 13 15:00:08 UTC 2012,1.0,mood
: |,Fri Jan 13 14:21:11 UTC 2012,1.0,mood
: ),Fri Jan 13 09:35:14 UTC 2012,1.0,mood
: ),Fri Jan 13 08:00:44 UTC 2012,1.0,mood
: ),Fri Jan 13 07:00:04 UTC 2012,1.0,mood
: ),Fri Jan 13 06:01:13 UTC 2012,1.0,mood
: ),Fri Jan 13 05:00:23 UTC 2012,1.0,mood
: ),Fri Jan 13 04:06:01 UTC 2012,1.0,mood
: ),Fri Jan 13 03:05:59 UTC 2012,1.0,mood
: ),Fri Jan 13 02:34:14 UTC 2012,1.0,mood
: ),Fri Jan 13 01:10:30 UTC 2012,1.0,mood
: ),Fri Jan 13 00:43:34 UTC 2012,1.0,mood
: ),Thu Jan 12 23:28:30 UTC 2012,1.0,mood
: ),Thu Jan 12 22:01:49 UTC 2012,1.0,mood
: ),Thu Jan 12 21:01:55 UTC 2012,1.0,mood
: ),Thu Jan 12 20:02:20 UTC 2012,1.0,mood
: ),Thu Jan 12 19:02:24 UTC 2012,1.0,mood
: ],Thu Jan 12 18:02:20 UTC 2012,1.0,mood
: ],Thu Jan 12 17:26:45 UTC 2012,1.0,mood
: ],Thu Jan 12 16:26:42 UTC 2012,1.0,mood
: ],Thu Jan 12 15:00:15 UTC 2012,1.0,mood
: ],Thu Jan 12 14:00:19 UTC 2012,1.0,mood
: ],Thu Jan 12 13:45:27 UTC 2012,1.0,mood
: ),Thu Jan 12 04:01:20 UTC 2012,1.0,mood
: ),Thu Jan 12 03:01:14 UTC 2012,1.0,mood
: ),Thu Jan 12 02:01:15 UTC 2012,1.0,mood
: ),Thu Jan 12 01:10:41 UTC 2012,1.0,mood
: ),Thu Jan 12 00:36:40 UTC 2012,1.0,mood
: ),Wed Jan 11 23:04:17 UTC 2012,1.0,mood
: ),Wed Jan 11 22:15:40 UTC 2012,1.0,mood
: ),Wed Jan 11 22:15:40 UTC 2012,1.0,mood
: ],Wed Jan 11 21:03:18 UTC 2012,1.0,mood
: ],Wed Jan 11 20:45:20 UTC 2012,1.0,mood
: ),Wed Jan 11 19:00:45 UTC 2012,1.0,mood
: ],Wed Jan 11 18:00:10 UTC 2012,1.0,mood
: ],Wed Jan 11 17:10:37 UTC 2012,1.0,mood
: ],Wed Jan 11 16:10:38 UTC 2012,1.0,mood
: ],Wed Jan 11 15:00:20 UTC 2012,1.0,mood
: |,Wed Jan 11 14:07:53 UTC 2012,1.0,mood
: [,Wed Jan 11 13:08:05 UTC 2012,1.0,mood
: ),Wed Jan 11 05:00:14 UTC 2012,1.0,mood
: ),Wed Jan 11 04:00:40 UTC 2012,1.0,mood
: ),Wed Jan 11 03:00:39 UTC 2012,1.0,mood
: ),Wed Jan 11 02:00:32 UTC 2012,1.0,mood
: ),Wed Jan 11 01:08:13 UTC 2012,1.0,mood
: ),Wed Jan 11 00:00:17 UTC 2012,1.0,mood
: ),Tue Jan 10 23:24:12 UTC 2012,1.0,mood
: ),Tue Jan 10 22:12:38 UTC 2012,1.0,mood
: ),Tue Jan 10 22:12:38 UTC 2012,1.0,mood
: ],Tue Jan 10 21:00:24 UTC 2012,1.0,mood
: ],Tue Jan 10 20:01:13 UTC 2012,1.0,mood
: ],Tue Jan 10 19:42:55 UTC 2012,1.0,mood
: |,Tue Jan 10 18:37:53 UTC 2012,1.0,mood
: ],Tue Jan 10 17:01:48 UTC 2012,1.0,mood
: ],Tue Jan 10 16:40:38 UTC 2012,1.0,mood
: ],Tue Jan 10 15:49:47 UTC 2012,1.0,mood
: ],Tue Jan 10 14:45:45 UTC 2012,1.0,mood
: |,Tue Jan 10 13:21:35 UTC 2012,1.0,mood
: [,Tue Jan 10 04:00:46 UTC 2012,1.0,mood
: |,Tue Jan 10 03:01:32 UTC 2012,1.0,mood
: |,Tue Jan 10 02:01:15 UTC 2012,1.0,mood
: [,Tue Jan 10 01:29:55 UTC 2012,1.0,mood
: [,Tue Jan 10 00:17:02 UTC 2012,1.0,mood
: ),Mon Jan 09 23:00:20 UTC 2012,1.0,mood
: ],Mon Jan 09 21:17:56 UTC 2012,1.0,mood
: ],Mon Jan 09 20:00:39 UTC 2012,1.0,mood
: ],Mon Jan 09 18:01:52 UTC 2012,1.0,mood
: ],Mon Jan 09 16:00:34 UTC 2012,1.0,mood
: ],Mon Jan 09 15:05:18 UTC 2012,1.0,mood
: ],Mon Jan 09 14:05:06 UTC 2012,1.0,mood
: ],Mon Jan 09 13:32:20 UTC 2012,1.0,mood
: ),Mon Jan 09 04:19:50 UTC 2012,1.0,mood
: ),Mon Jan 09 03:14:57 UTC 2012,1.0,mood
: ),Mon Jan 09 02:00:34 UTC 2012,1.0,mood
: ),Mon Jan 09 01:00:36 UTC 2012,1.0,mood
: ),Mon Jan 09 00:01:07 UTC 2012,1.0,mood
: ),Mon Jan 09 00:01:07 UTC 2012,1.0,mood
: ],Sun Jan 08 23:06:25 UTC 2012,1.0,mood
: ],Sun Jan 08 22:29:20 UTC 2012,1.0,mood
: ),Sun Jan 08 20:17:55 UTC 2012,1.0,mood
: ),Sun Jan 08 19:17:43 UTC 2012,1.0,mood
: ),Sun Jan 08 18:06:29 UTC 2012,1.0,mood
: ),Sun Jan 08 17:47:46 UTC 2012,1.0,mood
: ),Sun Jan 08 08:00:24 UTC 2012,1.0,mood
: ),Sun Jan 08 06:00:21 UTC 2012,1.0,mood
: ),Sun Jan 08 05:05:49 UTC 2012,1.0,mood
: ),Sun Jan 08 05:05:49 UTC 2012,1.0,mood
: ),Sun Jan 08 04:08:37 UTC 2012,1.0,mood
: ),Sun Jan 08 04:08:37 UTC 2012,1.0,mood
: ],Sun Jan 08 03:11:24 UTC 2012,1.0,mood
: ),Sun Jan 08 02:05:17 UTC 2012,1.0,mood
: ),Sun Jan 08 01:11:34 UTC 2012,1.0,mood
: ),Sat Jan 07 23:00:28 UTC 2012,1.0,mood
: ),Sat Jan 07 22:22:53 UTC 2012,1.0,mood
: ),Sat Jan 07 20:01:06 UTC 2012,1.0,mood
: ),Sat Jan 07 19:10:22 UTC 2012,1.0,mood
: ),Sat Jan 07 17:19:22 UTC 2012,1.0,mood
: D,Sat Jan 07 06:16:50 UTC 2012,1.0,mood
: ),Sat Jan 07 05:10:08 UTC 2012,1.0,mood
: ),Sat Jan 07 04:04:36 UTC 2012,1.0,mood
: ),Sat Jan 07 03:00:30 UTC 2012,1.0,mood
: ),Sat Jan 07 02:00:16 UTC 2012,1.0,mood
: ),Sat Jan 07 01:00:18 UTC 2012,1.0,mood
: ),Sat Jan 07 00:00:17 UTC 2012,1.0,mood
: ),Fri Jan 06 23:05:35 UTC 2012,1.0,mood
: ),Fri Jan 06 22:37:16 UTC 2012,1.0,mood
: ),Fri Jan 06 21:00:20 UTC 2012,1.0,mood
: ],Fri Jan 06 20:15:32 UTC 2012,1.0,mood
: ],Fri Jan 06 19:01:24 UTC 2012,1.0,mood
: ],Fri Jan 06 18:41:34 UTC 2012,1.0,mood
: ),Fri Jan 06 17:14:34 UTC 2012,1.0,mood
: ],Fri Jan 06 16:48:44 UTC 2012,1.0,mood
: ],Fri Jan 06 15:00:10 UTC 2012,1.0,mood
: |,Fri Jan 06 14:20:47 UTC 2012,1.0,mood
: |,Fri Jan 06 13:20:02 UTC 2012,1.0,mood
: ),Fri Jan 06 04:00:13 UTC 2012,1.0,mood
: ),Fri Jan 06 03:00:15 UTC 2012,1.0,mood
: ),Fri Jan 06 03:00:15 UTC 2012,1.0,mood
: ),Fri Jan 06 02:06:41 UTC 2012,1.0,mood
: ),Fri Jan 06 01:00:44 UTC 2012,1.0,mood
: ),Fri Jan 06 00:00:47 UTC 2012,1.0,mood
: ),Thu Jan 05 23:00:17 UTC 2012,1.0,mood
: ],Thu Jan 05 22:05:58 UTC 2012,1.0,mood
: ],Thu Jan 05 21:02:44 UTC 2012,1.0,mood
: ],Thu Jan 05 20:00:06 UTC 2012,1.0,mood
: ],Thu Jan 05 19:32:28 UTC 2012,1.0,mood
: ],Thu Jan 05 17:00:16 UTC 2012,1.0,mood
: ],Thu Jan 05 16:07:54 UTC 2012,1.0,mood
: ),Thu Jan 05 15:00:09 UTC 2012,1.0,mood
: ],Thu Jan 05 14:01:05 UTC 2012,1.0,mood
: |,Thu Jan 05 13:15:47 UTC 2012,1.0,mood
: ),Thu Jan 05 06:00:21 UTC 2012,1.0,mood
: ),Thu Jan 05 05:40:13 UTC 2012,1.0,mood
: ),Thu Jan 05 04:24:20 UTC 2012,1.0,mood
: ),Thu Jan 05 03:00:15 UTC 2012,1.0,mood
: ),Thu Jan 05 02:41:23 UTC 2012,1.0,mood
: ),Thu Jan 05 01:01:09 UTC 2012,1.0,mood
: ),Thu Jan 05 00:00:33 UTC 2012,1.0,mood
: ),Wed Jan 04 23:15:22 UTC 2012,1.0,mood
: ),Wed Jan 04 22:05:02 UTC 2012,1.0,mood
: ],Wed Jan 04 21:07:38 UTC 2012,1.0,mood
: ),Wed Jan 04 20:37:51 UTC 2012,1.0,mood
: ),Wed Jan 04 19:47:33 UTC 2012,1.0,mood
: ),Wed Jan 04 06:00:22 UTC 2012,1.0,mood
: ),Wed Jan 04 05:00:16 UTC 2012,1.0,mood
: ),Wed Jan 04 04:00:14 UTC 2012,1.0,mood
: ),Wed Jan 04 03:13:31 UTC 2012,1.0,mood
: ),Wed Jan 04 02:04:23 UTC 2012,1.0,mood
: ),Wed Jan 04 01:00:41 UTC 2012,1.0,mood
: ),Wed Jan 04 00:00:14 UTC 2012,1.0,mood
: ),Tue Jan 03 23:43:44 UTC 2012,1.0,mood
: ),Tue Jan 03 22:43:14 UTC 2012,1.0,mood
: ),Tue Jan 03 21:23:15 UTC 2012,1.0,mood
: ),Tue Jan 03 20:00:21 UTC 2012,1.0,mood
: ),Tue Jan 03 19:00:24 UTC 2012,1.0,mood
: ),Tue Jan 03 18:21:59 UTC 2012,1.0,mood
: ],Tue Jan 03 08:00:38 UTC 2012,1.0,mood
: ),Tue Jan 03 07:04:35 UTC 2012,1.0,mood
: ),Tue Jan 03 06:00:14 UTC 2012,1.0,mood
: ),Tue Jan 03 05:10:25 UTC 2012,1.0,mood
: ),Tue Jan 03 04:40:25 UTC 2012,1.0,mood
: ),Tue Jan 03 03:49:25 UTC 2012,1.0,mood
: ),Tue Jan 03 02:47:30 UTC 2012,1.0,mood
: ),Tue Jan 03 01:15:46 UTC 2012,1.0,mood
: ),Tue Jan 03 00:11:59 UTC 2012,1.0,mood
: D,Mon Jan 02 23:22:17 UTC 2012,1.0,mood
: ),Mon Jan 02 22:48:22 UTC 2012,1.0,mood
: ),Mon Jan 02 21:28:06 UTC 2012,1.0,mood
: ),Mon Jan 02 19:15:54 UTC 2012,1.0,mood
: ),Mon Jan 02 18:00:58 UTC 2012,1.0,mood
: ),Mon Jan 02 17:00:10 UTC 2012,1.0,mood
: ),Mon Jan 02 16:01:57 UTC 2012,1.0,mood
: ),Mon Jan 02 05:02:33 UTC 2012,1.0,mood
: ),Mon Jan 02 04:00:32 UTC 2012,1.0,mood
: ),Mon Jan 02 03:30:41 UTC 2012,1.0,mood
: ),Mon Jan 02 02:01:17 UTC 2012,1.0,mood
: ),Mon Jan 02 01:00:20 UTC 2012,1.0,mood
: ),Mon Jan 02 00:00:30 UTC 2012,1.0,mood
: ),Sun Jan 01 23:18:15 UTC 2012,1.0,mood
: ),Sun Jan 01 22:00:52 UTC 2012,1.0,mood
: ),Sun Jan 01 21:38:25 UTC 2012,1.0,mood
: D,Sun Jan 01 14:12:40 UTC 2012,1.0,mood
: D,Sun Jan 01 13:00:16 UTC 2012,1.0,mood
: D,Sun Jan 01 12:00:19 UTC 2012,1.0,mood
: D,Sun Jan 01 11:00:15 UTC 2012,1.0,mood
: D,Sun Jan 01 10:00:55 UTC 2012,1.0,mood
: D,Sun Jan 01 09:00:58 UTC 2012,1.0,mood
: D,Sun Jan 01 08:00:16 UTC 2012,1.0,mood
: ),Sun Jan 01 07:00:15 UTC 2012,1.0,mood
: ),Sun Jan 01 06:00:17 UTC 2012,1.0,mood
: D,Sun Jan 01 05:01:01 UTC 2012,1.0,mood
: |,Sun Jan 01 04:06:23 UTC 2012,1.0,mood
:'(,Sun Jan 01 03:19:46 UTC 2012,1.0,mood
: ),Sun Jan 01 02:00:26 UTC 2012,1.0,mood
: ),Sun Jan 01 01:41:35 UTC 2012,1.0,mood
: ),Sun Jan 01 00:00:53 UTC 2012,1.0,mood
: |,Sat Dec 31 23:00:08 UTC 2011,1.0,mood
: ],Sat Dec 31 22:03:57 UTC 2011,1.0,mood
: |,Sat Dec 31 21:00:23 UTC 2011,1.0,mood
: |,Sat Dec 31 20:03:01 UTC 2011,1.0,mood
: [,Sat Dec 31 19:00:28 UTC 2011,1.0,mood
: |,Sat Dec 31 17:54:26 UTC 2011,1.0,mood
: [,Sat Dec 31 07:00:17 UTC 2011,1.0,mood
: [,Sat Dec 31 06:01:50 UTC 2011,1.0,mood
: ),Sat Dec 31 05:03:34 UTC 2011,1.0,mood
: ),Sat Dec 31 04:00:19 UTC 2011,1.0,mood
: ),Sat Dec 31 03:00:13 UTC 2011,1.0,mood
: ),Sat Dec 31 02:04:29 UTC 2011,1.0,mood
: ),Sat Dec 31 00:37:00 UTC 2011,1.0,mood
: ),Fri Dec 30 23:06:13 UTC 2011,1.0,mood
: ),Fri Dec 30 22:00:08 UTC 2011,1.0,mood
: ),Fri Dec 30 21:00:26 UTC 2011,1.0,mood
: ),Fri Dec 30 20:00:12 UTC 2011,1.0,mood
: ),Fri Dec 30 19:00:08 UTC 2011,1.0,mood
: ),Fri Dec 30 18:40:45 UTC 2011,1.0,mood
: ),Fri Dec 30 17:20:52 UTC 2011,1.0,mood
: ],Fri Dec 30 16:39:21 UTC 2011,1.0,mood
: ],Fri Dec 30 15:00:53 UTC 2011,1.0,mood
: ),Fri Dec 30 13:02:05 UTC 2011,1.0,mood
: ),Fri Dec 30 08:00:19 UTC 2011,1.0,mood
: ),Fri Dec 30 07:00:18 UTC 2011,1.0,mood
: ),Fri Dec 30 06:00:13 UTC 2011,1.0,mood
: ],Fri Dec 30 05:00:29 UTC 2011,1.0,mood
: ),Fri Dec 30 04:00:19 UTC 2011,1.0,mood
: ),Fri Dec 30 03:00:13 UTC 2011,1.0,mood
: ),Fri Dec 30 00:22:04 UTC 2011,1.0,mood
: ),Thu Dec 29 23:00:19 UTC 2011,1.0,mood
: ),Thu Dec 29 22:00:14 UTC 2011,1.0,mood
: ),Thu Dec 29 21:05:51 UTC 2011,1.0,mood
: ),Thu Dec 29 19:00:20 UTC 2011,1.0,mood
: ),Thu Dec 29 05:01:18 UTC 2011,1.0,mood
: ),Thu Dec 29 03:00:21 UTC 2011,1.0,mood
: ),Thu Dec 29 02:05:06 UTC 2011,1.0,mood
: D,Thu Dec 29 01:00:58 UTC 2011,1.0,mood
: ),Thu Dec 29 00:00:14 UTC 2011,1.0,mood
: ),Wed Dec 28 23:00:32 UTC 2011,1.0,mood
: D,Wed Dec 28 22:01:32 UTC 2011,1.0,mood
: ),Wed Dec 28 21:05:45 UTC 2011,1.0,mood
: ),Wed Dec 28 20:01:25 UTC 2011,1.0,mood
: ),Wed Dec 28 19:00:09 UTC 2011,1.0,mood
: ),Wed Dec 28 18:00:22 UTC 2011,1.0,mood
: ),Wed Dec 28 17:43:46 UTC 2011,1.0,mood
: ),Wed Dec 28 10:00:33 UTC 2011,1.0,mood
: ),Wed Dec 28 09:05:00 UTC 2011,1.0,mood
: ),Wed Dec 28 08:00:22 UTC 2011,1.0,mood
: ),Wed Dec 28 07:00:19 UTC 2011,1.0,mood
: ),Wed Dec 28 06:01:28 UTC 2011,1.0,mood
: D,Wed Dec 28 05:10:40 UTC 2011,1.0,mood
: ),Wed Dec 28 04:00:39 UTC 2011,1.0,mood
: ),Wed Dec 28 03:54:34 UTC 2011,1.0,mood
: ),Wed Dec 28 01:00:18 UTC 2011,1.0,mood
: ),Wed Dec 28 00:19:58 UTC 2011,1.0,mood
: D,Tue Dec 27 23:10:19 UTC 2011,1.0,mood
: D,Tue Dec 27 22:10:16 UTC 2011,1.0,mood
: D,Tue Dec 27 21:00:32 UTC 2011,1.0,mood
: ),Tue Dec 27 20:00:31 UTC 2011,1.0,mood
: ),Tue Dec 27 19:19:40 UTC 2011,1.0,mood
: ],Tue Dec 27 18:00:46 UTC 2011,1.0,mood
: ),Tue Dec 27 17:49:09 UTC 2011,1.0,mood
: ),Tue Dec 27 16:01:10 UTC 2011,1.0,mood
: ),Tue Dec 27 15:00:16 UTC 2011,1.0,mood
: ),Tue Dec 27 14:03:23 UTC 2011,1.0,mood
: ),Tue Dec 27 05:02:40 UTC 2011,1.0,mood
: ),Tue Dec 27 04:00:16 UTC 2011,1.0,mood
: ),Tue Dec 27 03:00:20 UTC 2011,1.0,mood
: ),Tue Dec 27 02:07:24 UTC 2011,1.0,mood
: ),Tue Dec 27 01:00:12 UTC 2011,1.0,mood
: ),Tue Dec 27 00:00:23 UTC 2011,1.0,mood
: ],Mon Dec 26 23:03:55 UTC 2011,1.0,mood
: ),Mon Dec 26 22:00:34 UTC 2011,1.0,mood
: ),Mon Dec 26 21:00:10 UTC 2011,1.0,mood
: ),Mon Dec 26 20:01:53 UTC 2011,1.0,mood
: ),Mon Dec 26 19:03:58 UTC 2011,1.0,mood
: ],Mon Dec 26 18:04:37 UTC 2011,1.0,mood
: ],Mon Dec 26 05:00:14 UTC 2011,1.0,mood
: ],Mon Dec 26 04:00:36 UTC 2011,1.0,mood
: ),Mon Dec 26 03:00:44 UTC 2011,1.0,mood
: ),Mon Dec 26 02:00:58 UTC 2011,1.0,mood
: ),Mon Dec 26 01:03:20 UTC 2011,1.0,mood
: ),Mon Dec 26 00:02:07 UTC 2011,1.0,mood
: |,Sun Dec 25 23:00:12 UTC 2011,1.0,mood
: ),Sun Dec 25 22:00:44 UTC 2011,1.0,mood
: |,Sun Dec 25 21:05:11 UTC 2011,1.0,mood
: |,Sun Dec 25 20:00:29 UTC 2011,1.0,mood
: ),Sun Dec 25 19:19:46 UTC 2011,1.0,mood
: ],Sun Dec 25 18:29:39 UTC 2011,1.0,mood
: |,Sun Dec 25 17:03:54 UTC 2011,1.0,mood
: ],Sun Dec 25 14:01:06 UTC 2011,1.0,mood
: ],Sun Dec 25 05:01:52 UTC 2011,1.0,mood
: ),Sun Dec 25 04:00:35 UTC 2011,1.0,mood
: ],Sun Dec 25 03:00:34 UTC 2011,1.0,mood
: ],Sun Dec 25 02:00:46 UTC 2011,1.0,mood
: ),Sun Dec 25 01:00:33 UTC 2011,1.0,mood
: ],Sun Dec 25 00:00:52 UTC 2011,1.0,mood
: ],Sat Dec 24 23:02:01 UTC 2011,1.0,mood
: ),Sat Dec 24 22:03:08 UTC 2011,1.0,mood
